id,ip,country,date
1,21.173.162.129,,7/11/2020
2,234.153.164.230,,4/20/2020
3,137.210.195.129,SERBIA,6/22/2020
4,163.216.1.137,PHILIPPINES,4/16/2020
5,16.118.70.100,TANZANIA,3/11/2021
6,125.198.160.156,BAHRAIN,4/26/2020
7,161.112.0.140,INDONESIA,12/31/2020
8,208.81.202.17,,10/14/2020
9,254.250.172.95,PHILIPPINES,11/8/2020
10,81.209.136.222,INDONESIA,11/12/2020
11,219.36.254.34,MARSHALL ISLANDS,3/14/2021
12,120.251.240.4,,2/21/2021
13,118.127.235.144,RUSSIA,2/17/2021
14,134.218.79.129,SAMOA,3/21/2021
15,134.16.254.27,RUSSIA,9/17/2020
16,114.194.0.29,MEXICO,11/19/2020
17,49.245.229.102,KAZAKHSTAN,8/30/2020
18,157.133.216.177,,6/6/2020
19,113.86.35.87,,12/10/2020
20,210.252.102.142,SOUTH AFRICA,2/12/2021
21,157.71.79.160,CHINA,5/6/2020
22,25.13.233.79,UNITED STATES,3/19/2021
23,240.176.44.172,,6/22/2020
24,194.26.216.51,JAPAN,3/2/2021
25,57.141.158.164,INDONESIA,12/18/2020
26,37.214.202.247,INDONESIA,4/18/2020
27,246.56.121.25,NICARAGUA,3/19/2021
28,246.134.169.29,FRANCE,2/13/2021
29,59.130.96.219,PHILIPPINES,2/28/2021
30,247.155.203.138,BRAZIL,10/3/2020
31,210.178.169.236,UNITED STATES,7/23/2020
32,46.224.191.242,THAILAND,9/24/2020
33,209.169.47.97,PAKISTAN,11/14/2020
34,206.74.49.124,SWEDEN,8/22/2020
35,182.83.12.150,ALBANIA,2/28/2021
36,193.157.37.17,,1/5/2021
37,40.145.47.120,SWEDEN,9/9/2020
38,92.197.201.55,CHINA,7/7/2020
39,124.142.225.96,,9/24/2020
40,232.126.87.112,BRAZIL,12/14/2020
41,187.47.52.50,PALESTINIAN TERRITORY,10/2/2020
42,46.75.117.76,,4/22/2020
43,4.102.47.227,,5/11/2020
44,71.135.170.34,,11/14/2020
45,20.177.158.69,SWEDEN,5/16/2020
46,73.127.58.6,CHINA,2/11/2021
47,159.116.236.20,,5/22/2020
48,224.255.137.51,,12/29/2020
49,204.193.247.217,CHINA,10/21/2020
50,201.59.131.219,INDONESIA,6/28/2020
51,235.206.10.249,MOROCCO,4/22/2020
52,88.189.41.138,CHINA,1/10/2021
53,183.59.242.185,,3/12/2021
54,119.162.170.146,POLAND,10/27/2020
55,74.151.121.10,PHILIPPINES,2/24/2021
56,130.110.162.99,SERBIA,3/22/2020
57,58.123.220.244,BULGARIA,3/8/2021
58,75.128.200.248,NORWAY,11/1/2020
59,184.40.22.146,CHINA,4/22/2020
60,174.236.240.122,FRANCE,4/18/2020
61,123.136.5.86,,9/8/2020
62,209.182.123.26,UNITED STATES,11/15/2020
63,92.209.234.151,ARGENTINA,8/15/2020
64,84.230.6.253,INDONESIA,6/7/2020
65,192.24.200.27,INDONESIA,1/19/2021
66,151.3.135.109,CHINA,11/9/2020
67,79.96.250.94,SOUTH KOREA,7/2/2020
68,82.245.199.156,SERBIA,12/5/2020
69,70.3.219.231,,4/4/2020
70,92.23.229.235,SWEDEN,3/3/2021
71,169.110.82.72,INDONESIA,1/2/2021
72,17.145.177.158,RUSSIA,3/14/2021
73,55.105.183.8,PHILIPPINES,12/18/2020
74,34.154.123.237,PAKISTAN,4/29/2020
75,237.92.158.89,ARGENTINA,12/14/2020
76,89.238.154.201,,10/9/2020
77,27.192.133.196,INDONESIA,7/27/2020
78,157.43.121.167,UNITED STATES,3/21/2021
79,242.248.150.128,,7/27/2020
80,163.208.167.91,,7/23/2020
81,24.209.98.44,PORTUGAL,6/9/2020
82,48.34.151.13,CHINA,11/25/2020
83,211.174.46.147,PHILIPPINES,1/28/2021
84,232.238.28.251,PORTUGAL,1/15/2021
85,80.180.151.198,POLAND,11/26/2020
86,201.206.188.163,INDONESIA,11/1/2020
87,109.26.89.62,,12/3/2020
88,134.181.8.231,POLAND,9/20/2020
89,57.34.203.221,THAILAND,1/18/2021
90,167.50.186.40,MICRONESIA,10/3/2020
91,203.110.132.36,,7/1/2020
92,227.245.74.26,BRAZIL,12/29/2020
93,62.238.165.255,AFGHANISTAN,5/18/2020
94,152.41.224.82,RUSSIA,5/5/2020
95,221.70.120.119,PORTUGAL,9/4/2020
96,88.195.135.38,GREECE,8/23/2020
97,245.37.232.94,CHINA,6/5/2020
98,225.169.95.87,,7/13/2020
99,205.1.85.106,CHINA,6/6/2020
100,230.3.46.168,CHINA,12/6/2020
101,132.254.152.121,RUSSIA,12/10/2020
102,113.188.76.81,JAPAN,11/25/2020
103,213.187.157.112,,6/11/2020
104,238.65.69.88,,12/31/2020
105,218.68.209.185,,2/12/2021
106,86.254.103.31,ZAMBIA,8/6/2020
107,30.204.15.243,CHINA,9/20/2020
108,82.104.185.64,CHINA,10/15/2020
109,83.232.10.13,,12/28/2020
110,140.132.131.93,CROATIA,1/5/2021
111,115.19.231.220,PORTUGAL,7/6/2020
112,139.191.103.161,BRAZIL,3/26/2020
113,84.219.206.196,,3/26/2020
114,179.35.243.10,RUSSIA,1/30/2021
115,172.184.135.15,ARGENTINA,9/22/2020
116,159.20.237.52,INDONESIA,3/26/2020
117,27.178.178.111,CHINA,2/3/2021
118,42.228.156.93,INDONESIA,5/17/2020
119,196.101.106.21,CHINA,9/11/2020
120,165.195.23.53,,11/17/2020
121,120.15.82.210,VENEZUELA,10/7/2020
122,46.110.193.126,AZERBAIJAN,8/6/2020
123,173.102.92.117,RUSSIA,2/10/2021
124,78.37.214.180,CZECH REPUBLIC,11/20/2020
125,173.232.105.148,PORTUGAL,12/14/2020
126,114.238.216.77,PHILIPPINES,11/21/2020
127,46.115.82.182,FINLAND,8/11/2020
128,48.65.186.125,CZECH REPUBLIC,8/5/2020
129,40.177.195.250,PORTUGAL,6/8/2020
130,71.202.195.97,JAPAN,12/17/2020
131,70.92.235.146,PANAMA,7/27/2020
132,220.255.92.143,PORTUGAL,4/22/2020
133,44.203.86.219,RUSSIA,4/15/2020
134,139.228.223.46,SOUTH KOREA,5/18/2020
135,181.248.85.105,SWEDEN,2/17/2021
136,184.155.147.4,,12/15/2020
137,17.17.184.82,CHINA,9/14/2020
138,56.82.193.151,NEPAL,2/7/2021
139,250.173.80.10,POLAND,8/18/2020
140,82.63.190.238,,6/11/2020
141,118.241.116.41,SWEDEN,11/1/2020
142,118.231.155.25,RUSSIA,5/26/2020
143,225.55.167.53,RUSSIA,6/2/2020
144,100.90.85.32,CUBA,12/16/2020
145,135.151.212.183,UNITED STATES,7/5/2020
146,118.224.248.218,PERU,3/16/2021
147,22.31.30.252,COLOMBIA,7/9/2020
148,95.7.48.117,CZECH REPUBLIC,3/23/2020
149,26.233.50.10,,5/12/2020
150,31.204.107.20,,1/11/2021
151,40.1.151.55,SWEDEN,10/9/2020
152,130.29.105.153,,11/22/2020
153,73.142.39.77,PHILIPPINES,9/18/2020
154,40.161.48.1,RUSSIA,3/29/2020
155,71.195.24.99,PHILIPPINES,11/21/2020
156,71.1.33.200,RUSSIA,3/21/2021
157,185.172.104.7,SYRIA,6/10/2020
158,25.63.60.12,,4/12/2020
159,115.202.246.209,INDONESIA,2/5/2021
160,104.234.155.19,SOUTH AFRICA,8/7/2020
161,117.110.110.250,,7/21/2020
162,77.240.247.80,,9/3/2020
163,155.181.108.203,,5/28/2020
164,149.84.39.4,CUBA,2/7/2021
165,140.169.232.240,SWITZERLAND,5/31/2020
166,6.121.147.197,RUSSIA,8/17/2020
167,189.26.10.109,PERU,10/30/2020
168,181.51.97.202,JAPAN,8/7/2020
169,250.127.17.141,LITHUANIA,11/9/2020
170,152.223.218.65,ISRAEL,7/13/2020
171,61.213.119.176,CHINA,8/21/2020
172,88.113.207.236,SOUTH AFRICA,10/8/2020
173,28.72.143.196,COMOROS,6/3/2020
174,159.215.114.100,PHILIPPINES,7/30/2020
175,103.72.11.73,PANAMA,8/18/2020
176,95.238.205.97,INDONESIA,1/4/2021
177,182.3.99.22,,7/13/2020
178,60.17.130.106,INDONESIA,9/5/2020
179,141.223.153.118,FRANCE,1/10/2021
180,226.97.0.46,RUSSIA,7/29/2020
181,94.107.166.130,BOSNIA AND HERZEGOVINA,2/18/2021
182,246.230.178.165,CHINA,8/18/2020
183,139.164.103.22,PORTUGAL,3/14/2021
184,67.80.93.103,CHINA,1/5/2021
185,203.239.121.76,CHINA,3/2/2021
186,234.144.53.227,INDONESIA,6/4/2020
187,32.96.189.188,JAPAN,11/29/2020
188,198.207.205.14,RUSSIA,8/22/2020
189,75.148.21.193,BRAZIL,7/28/2020
190,23.35.116.237,CANADA,11/20/2020
191,68.124.100.198,SWEDEN,6/16/2020
192,204.72.251.118,INDONESIA,8/11/2020
193,154.2.63.207,,7/5/2020
194,47.197.218.95,,10/5/2020
195,247.144.210.106,INDONESIA,2/16/2021
196,195.76.147.229,CHINA,9/21/2020
197,171.22.219.15,,8/6/2020
198,211.103.84.133,CHINA,5/27/2020
199,255.59.20.232,,11/7/2020
200,134.177.201.83,CHINA,4/16/2020
201,183.165.65.137,,12/15/2020
202,80.127.10.139,,4/7/2020
203,118.247.90.215,POLAND,5/21/2020
204,241.199.119.230,MEXICO,10/10/2020
205,125.37.192.147,CHINA,10/14/2020
206,11.97.159.133,,5/22/2020
207,251.215.120.234,CZECH REPUBLIC,10/26/2020
208,212.214.4.1,GERMANY,1/2/2021
209,196.55.87.244,ARMENIA,1/15/2021
210,204.23.229.199,POLAND,2/25/2021
211,144.130.153.201,PHILIPPINES,3/28/2020
212,105.52.125.31,NORTH KOREA,3/23/2020
213,67.168.161.88,PORTUGAL,1/10/2021
214,134.132.231.146,,9/14/2020
215,208.92.187.205,INDONESIA,8/14/2020
216,38.201.197.81,ARGENTINA,4/25/2020
217,204.208.28.247,VIETNAM,11/30/2020
218,81.86.43.42,CHINA,5/14/2020
219,97.121.70.36,CHINA,12/3/2020
220,111.46.76.87,,5/7/2020
221,67.24.79.102,NORWAY,1/27/2021
222,52.216.211.72,,8/28/2020
223,149.183.136.194,CHINA,2/25/2021
224,194.101.140.3,SWEDEN,6/27/2020
225,160.12.6.146,PORTUGAL,9/24/2020
226,65.36.228.228,LITHUANIA,7/23/2020
227,129.226.223.225,INDONESIA,7/16/2020
228,204.181.66.60,BRAZIL,8/24/2020
229,171.201.181.20,POLAND,6/29/2020
230,240.27.198.197,UNITED STATES,12/13/2020
231,202.75.155.26,HONDURAS,9/23/2020
232,64.18.203.73,,6/26/2020
233,80.253.195.97,,2/9/2021
234,7.217.185.30,,3/27/2020
235,120.213.100.74,JAPAN,6/5/2020
236,31.63.153.240,,10/12/2020
237,243.187.171.67,ALBANIA,11/26/2020
238,186.36.162.198,CHINA,3/21/2020
239,36.142.106.22,RUSSIA,1/7/2021
240,169.185.250.16,SWEDEN,5/18/2020
241,149.212.201.196,SWEDEN,9/13/2020
242,69.18.176.42,,12/15/2020
243,165.207.142.5,,7/16/2020
244,111.49.245.27,CYPRUS,9/26/2020
245,114.247.192.190,CHINA,9/25/2020
246,34.234.43.135,,8/18/2020
247,179.240.173.58,,7/26/2020
248,165.225.206.236,ARGENTINA,11/19/2020
249,81.54.112.133,PERU,3/15/2021
250,223.203.99.154,,5/22/2020
251,147.220.84.125,ARGENTINA,3/18/2020
252,94.92.169.47,CENTRAL AFRICAN REPUBLIC,1/19/2021
253,38.154.169.159,PHILIPPINES,10/24/2020
254,133.136.255.181,INDONESIA,7/7/2020
255,239.158.95.85,RUSSIA,9/5/2020
256,121.204.172.194,CHINA,10/4/2020
257,90.243.38.47,IRELAND,3/24/2020
258,67.230.180.164,CZECH REPUBLIC,4/23/2020
259,24.203.241.179,,10/6/2020
260,185.109.203.126,BRAZIL,5/15/2020
261,156.109.66.49,MONGOLIA,7/11/2020
262,204.159.124.111,,8/15/2020
263,78.106.215.222,JAPAN,5/14/2020
264,230.110.33.131,RUSSIA,8/28/2020
265,133.127.174.26,,12/23/2020
266,182.51.110.6,RUSSIA,6/6/2020
267,63.233.97.45,,2/17/2021
268,169.91.5.112,SLOVENIA,1/7/2021
269,68.47.49.50,CHINA,11/4/2020
270,13.84.88.64,,9/8/2020
271,45.75.139.119,,1/14/2021
272,135.213.11.157,EGYPT,7/10/2020
273,37.60.224.229,PHILIPPINES,3/28/2020
274,74.153.220.245,PAKISTAN,10/19/2020
275,117.170.218.162,POLAND,8/21/2020
276,239.41.98.235,INDONESIA,5/29/2020
277,109.153.21.186,JAPAN,9/1/2020
278,109.246.163.67,UGANDA,11/4/2020
279,170.249.127.35,CHINA,11/24/2020
280,105.50.164.248,PHILIPPINES,2/14/2021
281,193.248.7.28,RUSSIA,10/8/2020
282,147.106.43.148,SYRIA,8/24/2020
283,81.18.97.150,,10/20/2020
284,162.217.154.229,SURINAME,11/14/2020
285,72.216.173.122,,2/10/2021
286,181.250.41.4,,6/6/2020
287,43.53.72.231,ETHIOPIA,4/12/2020
288,97.131.50.115,SAMOA,4/22/2020
289,236.113.3.100,INDONESIA,10/27/2020
290,133.41.181.0,IVORY COAST,7/26/2020
291,125.147.141.57,POLAND,10/9/2020
292,62.30.192.42,GHANA,3/23/2020
293,80.213.203.4,RUSSIA,9/8/2020
294,66.28.37.20,SWEDEN,3/9/2021
295,249.109.160.124,,6/18/2020
296,172.2.205.51,CHINA,11/17/2020
297,245.63.222.218,PHILIPPINES,12/23/2020
298,100.117.94.43,GREECE,12/25/2020
299,172.156.159.146,THAILAND,12/11/2020
300,69.102.2.122,,12/19/2020
301,65.38.77.163,,1/3/2021
302,211.23.239.54,CANADA,8/29/2020
303,125.149.43.250,MEXICO,5/1/2020
304,131.39.40.149,CHINA,6/25/2020
305,126.62.13.170,INDONESIA,11/14/2020
306,231.135.23.104,BRAZIL,1/31/2021
307,173.132.6.233,AFGHANISTAN,5/28/2020
308,95.7.59.223,,9/10/2020
309,227.125.229.19,GUATEMALA,12/27/2020
310,42.136.115.221,JAPAN,6/7/2020
311,129.30.245.1,INDONESIA,12/8/2020
312,196.244.183.40,RUSSIA,7/2/2020
313,167.125.247.7,BRAZIL,4/8/2020
314,71.127.253.21,RUSSIA,8/31/2020
315,123.96.185.173,PERU,5/1/2020
316,134.117.223.97,,5/21/2020
317,252.1.181.112,BRAZIL,12/5/2020
318,27.31.33.152,,7/12/2020
319,150.89.154.209,,9/12/2020
320,156.188.238.198,,12/14/2020
321,88.130.102.70,UKRAINE,6/28/2020
322,146.172.61.151,PHILIPPINES,5/11/2020
323,83.41.201.225,,7/13/2020
324,0.168.26.45,RUSSIA,2/13/2021
325,179.149.44.181,,11/19/2020
326,98.132.244.212,,12/24/2020
327,125.1.147.218,AFGHANISTAN,3/7/2021
328,41.123.181.27,NIGERIA,4/23/2020
329,70.81.51.247,CHINA,8/27/2020
330,197.51.205.253,SWEDEN,5/9/2020
331,69.11.222.118,NIGERIA,4/27/2020
332,49.161.20.178,VIETNAM,12/7/2020
333,132.216.9.187,BRAZIL,12/29/2020
334,189.139.240.182,CHINA,5/11/2020
335,94.17.195.76,BRAZIL,5/27/2020
336,37.154.184.147,JAPAN,10/13/2020
337,190.118.145.178,HONDURAS,3/5/2021
338,222.107.60.103,INDONESIA,4/4/2020
339,254.217.84.123,CHINA,7/8/2020
340,146.234.222.167,CANADA,5/29/2020
341,203.227.125.244,VIETNAM,3/5/2021
342,204.94.45.159,PHILIPPINES,10/26/2020
343,6.11.230.158,INDONESIA,6/24/2020
344,151.14.217.242,CHINA,1/14/2021
345,36.90.107.30,INDONESIA,3/3/2021
346,168.50.21.171,INDONESIA,1/18/2021
347,235.255.150.129,,9/5/2020
348,243.230.70.224,CHINA,7/21/2020
349,16.217.184.236,SOUTH AFRICA,12/12/2020
350,114.235.156.182,,5/4/2020
351,22.99.194.220,POLAND,1/31/2021
352,44.16.15.86,CHINA,9/29/2020
353,204.158.136.101,,8/13/2020
354,56.110.140.227,PHILIPPINES,11/12/2020
355,5.156.190.89,CHINA,7/2/2020
356,246.145.238.98,CHINA,7/13/2020
357,157.136.57.104,DENMARK,5/21/2020
358,51.18.3.19,INDONESIA,8/13/2020
359,189.228.150.179,BRAZIL,5/16/2020
360,49.157.14.148,CHINA,6/29/2020
361,206.65.65.229,INDONESIA,6/2/2020
362,235.204.45.228,,7/18/2020
363,29.58.223.180,,11/18/2020
364,137.228.209.226,POLAND,7/27/2020
365,77.127.122.128,INDONESIA,1/18/2021
366,224.69.203.31,,9/30/2020
367,28.78.75.247,CHINA,4/27/2020
368,38.56.49.155,GEORGIA,9/22/2020
369,196.173.56.73,ARGENTINA,2/6/2021
370,150.88.202.57,CHINA,9/2/2020
371,51.100.176.55,CHINA,9/23/2020
372,133.230.137.250,RUSSIA,12/8/2020
373,89.65.41.164,UKRAINE,9/11/2020
374,222.246.51.89,,4/8/2020
375,124.172.58.242,CHINA,10/20/2020
376,54.147.208.152,,9/30/2020
377,121.227.140.215,SWEDEN,1/12/2021
378,173.187.53.3,EGYPT,2/24/2021
379,191.61.156.251,,5/11/2020
380,62.96.194.56,SWEDEN,6/21/2020
381,78.245.109.158,SRI LANKA,12/31/2020
382,230.192.242.40,CHINA,11/3/2020
383,210.79.201.209,POLAND,2/15/2021
384,106.48.78.223,,12/22/2020
385,152.24.249.91,,12/1/2020
386,235.56.241.102,,12/7/2020
387,171.50.16.178,,4/18/2020
388,4.206.210.230,SOUTH AFRICA,3/22/2020
389,55.10.108.31,RUSSIA,12/13/2020
390,146.166.236.236,ARGENTINA,4/10/2020
391,77.213.215.90,MEXICO,1/30/2021
392,0.163.175.233,MEXICO,2/10/2021
393,150.235.143.199,,7/7/2020
394,146.145.22.41,CHINA,4/8/2020
395,38.233.160.0,,1/11/2021
396,141.113.155.197,,11/15/2020
397,156.138.111.152,NORWAY,12/21/2020
398,101.6.104.157,,6/28/2020
399,75.29.19.235,KENYA,8/8/2020
400,57.19.77.6,NIGERIA,3/4/2021
401,104.170.73.115,,2/23/2021
402,191.246.238.174,,7/2/2020
403,86.232.127.193,BRAZIL,7/5/2020
404,145.128.181.139,INDONESIA,5/19/2020
405,109.36.7.237,RUSSIA,8/10/2020
406,54.40.65.247,PANAMA,5/28/2020
407,85.111.54.41,BOLIVIA,1/5/2021
408,120.208.134.239,CZECH REPUBLIC,10/4/2020
409,204.175.242.34,PHILIPPINES,2/14/2021
410,188.60.179.100,ARGENTINA,7/2/2020
411,42.26.22.146,GREECE,4/23/2020
412,9.193.20.124,SWEDEN,8/30/2020
413,45.3.232.211,,11/8/2020
414,228.124.240.0,MOROCCO,9/19/2020
415,217.156.66.232,INDONESIA,11/17/2020
416,194.164.78.5,UGANDA,1/4/2021
417,133.232.122.53,INDONESIA,4/25/2020
418,78.162.232.96,,1/27/2021
419,150.173.96.28,BRAZIL,3/22/2020
420,202.44.28.221,,9/8/2020
421,233.162.217.62,SLOVENIA,8/12/2020
422,71.133.8.169,RUSSIA,4/7/2020
423,7.66.130.110,CHINA,3/10/2021
424,35.83.159.198,PORTUGAL,8/8/2020
425,167.88.154.207,AFGHANISTAN,4/16/2020
426,213.25.105.180,POLAND,5/30/2020
427,74.226.185.80,INDONESIA,3/20/2021
428,7.143.42.225,,9/14/2020
429,107.170.190.107,CHINA,11/18/2020
430,193.3.165.198,SWEDEN,4/25/2020
431,185.222.151.216,BRAZIL,3/8/2021
432,64.217.182.140,CHINA,8/4/2020
433,208.168.51.214,PERU,9/13/2020
434,176.134.254.27,RUSSIA,2/23/2021
435,198.132.125.123,,2/2/2021
436,124.157.222.4,,5/29/2020
437,128.92.12.92,PHILIPPINES,3/3/2021
438,187.20.49.171,PORTUGAL,3/21/2021
439,115.68.185.217,CHINA,11/17/2020
440,210.37.147.86,NIGERIA,10/15/2020
441,29.115.224.250,,12/20/2020
442,106.14.47.91,CZECH REPUBLIC,7/9/2020
443,216.88.237.228,EGYPT,2/24/2021
444,172.24.251.47,,9/27/2020
445,219.90.155.155,CZECH REPUBLIC,4/22/2020
446,188.70.98.40,CZECH REPUBLIC,10/4/2020
447,119.195.7.151,,7/24/2020
448,141.55.164.138,INDONESIA,11/4/2020
449,211.217.63.100,PHILIPPINES,4/20/2020
450,102.105.215.135,UNITED STATES,3/7/2021
451,230.203.110.145,INDONESIA,4/26/2020
452,140.151.242.80,SWEDEN,2/11/2021
453,73.217.125.177,PERU,3/23/2020
454,186.118.70.241,PHILIPPINES,7/10/2020
455,92.60.184.30,THAILAND,3/10/2021
456,63.134.162.123,RUSSIA,10/9/2020
457,239.21.11.18,RUSSIA,8/29/2020
458,70.66.117.13,BELARUS,7/16/2020
459,169.147.134.114,FRANCE,7/27/2020
460,76.162.56.250,,10/14/2020
461,18.73.219.71,BRAZIL,5/31/2020
462,68.210.56.194,CHINA,8/16/2020
463,73.78.219.179,UKRAINE,8/12/2020
464,76.114.206.42,,12/29/2020
465,80.22.213.123,SWEDEN,3/13/2021
466,210.134.249.45,RUSSIA,6/24/2020
467,108.207.124.25,,6/6/2020
468,121.124.84.124,INDONESIA,1/29/2021
469,46.5.196.24,UNITED STATES,8/11/2020
470,226.120.160.17,INDONESIA,10/2/2020
471,253.99.175.78,INDONESIA,10/5/2020
472,145.107.53.232,PORTUGAL,11/6/2020
473,42.188.27.14,POLAND,1/23/2021
474,119.117.0.221,,12/24/2020
475,163.199.236.147,BRAZIL,8/27/2020
476,67.118.34.246,JAPAN,10/15/2020
477,38.55.62.68,PORTUGAL,4/4/2020
478,181.108.13.236,BRAZIL,3/20/2021
479,27.85.249.233,KAZAKHSTAN,12/9/2020
480,184.196.66.62,,9/11/2020
481,63.182.117.3,,2/27/2021
482,204.251.90.150,,12/1/2020
483,63.216.224.94,,4/15/2020
484,155.39.175.114,,11/13/2020
485,118.210.58.18,POLAND,2/22/2021
486,206.135.216.153,GREECE,12/9/2020
487,32.166.62.128,CHINA,2/25/2021
488,89.67.93.240,VIETNAM,8/20/2020
489,20.166.208.84,,11/16/2020
490,233.0.39.239,,4/21/2020
491,250.8.26.27,CHINA,5/12/2020
492,205.187.181.7,CHINA,6/10/2020
493,212.241.97.134,COLOMBIA,2/5/2021
494,22.98.229.71,,9/25/2020
495,248.199.140.231,UNITED STATES,2/2/2021
496,65.107.119.69,PERU,7/11/2020
497,211.10.62.14,MALTA,7/20/2020
498,153.99.239.27,,11/26/2020
499,82.206.65.195,,6/15/2020
500,59.52.189.217,CHINA,3/17/2021
501,147.64.181.179,UKRAINE,1/24/2021
502,198.17.18.87,LAOS,3/22/2020
503,38.28.41.224,FRANCE,4/2/2020
504,106.17.63.142,,5/18/2020
505,39.12.62.250,PORTUGAL,7/5/2020
506,249.90.88.233,CAMEROON,6/21/2020
507,189.11.53.239,PHILIPPINES,2/27/2021
508,149.165.100.41,INDONESIA,11/24/2020
509,151.222.72.193,CHINA,11/13/2020
510,84.74.187.235,,1/4/2021
511,122.190.134.38,INDONESIA,2/7/2021
512,205.23.18.51,,3/10/2021
513,154.46.46.201,CHINA,12/11/2020
514,85.100.154.45,PHILIPPINES,4/17/2020
515,193.223.67.173,PHILIPPINES,8/15/2020
516,15.231.193.254,JAPAN,8/22/2020
517,207.216.241.72,SWEDEN,9/16/2020
518,222.174.148.84,,8/28/2020
519,31.187.161.124,SWEDEN,3/18/2020
520,172.231.13.95,HONDURAS,1/2/2021
521,193.156.41.38,,11/8/2020
522,32.95.225.192,SWEDEN,11/23/2020
523,82.10.193.49,JAPAN,3/17/2021
524,110.97.64.72,PAKISTAN,11/3/2020
525,13.125.84.233,NIGERIA,12/18/2020
526,221.75.101.83,CHINA,2/10/2021
527,15.192.114.226,CHINA,5/26/2020
528,146.184.176.187,INDONESIA,7/24/2020
529,90.217.69.137,,3/7/2021
530,33.172.75.70,SWEDEN,11/1/2020
531,103.153.121.75,INDONESIA,2/5/2021
532,194.233.199.93,,2/7/2021
533,158.22.175.248,ARGENTINA,12/27/2020
534,47.166.63.185,INDONESIA,4/10/2020
535,121.43.150.34,RUSSIA,3/5/2021
536,243.47.225.23,UKRAINE,10/9/2020
537,165.172.252.79,CHINA,7/20/2020
538,48.210.212.255,,10/15/2020
539,156.182.59.49,BRAZIL,7/4/2020
540,112.184.3.66,CZECH REPUBLIC,10/18/2020
541,82.145.174.102,BRAZIL,11/23/2020
542,198.218.162.157,,11/11/2020
543,87.154.224.25,PORTUGAL,7/4/2020
544,124.98.48.130,,10/21/2020
545,33.9.246.41,POLAND,12/25/2020
546,96.77.108.194,ARGENTINA,3/13/2021
547,42.222.83.67,CZECH REPUBLIC,11/10/2020
548,107.213.100.61,,10/23/2020
549,20.136.62.142,GERMANY,2/14/2021
550,69.91.150.163,,11/21/2020
551,98.143.255.178,PHILIPPINES,6/21/2020
552,203.41.218.134,NETHERLANDS,12/3/2020
553,193.48.76.251,,11/27/2020
554,123.168.189.101,,6/16/2020
555,249.157.49.251,CHINA,2/12/2021
556,149.205.72.79,KAZAKHSTAN,2/3/2021
557,223.167.73.138,INDONESIA,3/28/2020
558,18.188.215.201,MOLDOVA,8/4/2020
559,30.252.163.231,PHILIPPINES,3/6/2021
560,74.78.147.105,RUSSIA,4/26/2020
561,129.49.253.7,,3/10/2021
562,119.132.96.129,INDONESIA,7/7/2020
563,87.115.62.131,GREECE,10/2/2020
564,128.200.115.71,CHINA,1/18/2021
565,112.70.144.87,,12/26/2020
566,227.1.101.214,,12/30/2020
567,13.101.233.119,UKRAINE,12/23/2020
568,27.193.79.78,INDONESIA,8/6/2020
569,148.107.135.168,COLOMBIA,5/23/2020
570,38.106.14.15,INDONESIA,9/9/2020
571,190.71.2.221,MALAYSIA,5/13/2020
572,132.40.121.102,CZECH REPUBLIC,3/21/2021
573,242.184.48.248,POLAND,6/11/2020
574,96.6.202.38,,9/8/2020
575,149.101.45.97,INDONESIA,6/18/2020
576,102.16.98.107,HONDURAS,12/20/2020
577,166.185.203.186,ARGENTINA,4/17/2020
578,195.235.187.150,,12/26/2020
579,53.7.106.166,CHINA,9/12/2020
580,249.236.139.77,PHILIPPINES,12/2/2020
581,237.99.194.22,CZECH REPUBLIC,1/5/2021
582,46.61.150.83,KENYA,8/16/2020
583,175.9.2.34,,1/26/2021
584,108.156.25.225,CHINA,8/8/2020
585,26.32.0.106,DOMINICAN REPUBLIC,8/18/2020
586,144.184.71.33,,7/10/2020
587,38.101.212.248,CHINA,1/20/2021
588,182.176.127.137,,6/10/2020
589,93.193.6.66,GUATEMALA,6/8/2020
590,104.24.142.186,MADAGASCAR,9/25/2020
591,48.253.132.208,BRAZIL,2/15/2021
592,2.189.43.195,INDONESIA,5/26/2020
593,51.130.188.173,,3/21/2020
594,199.26.79.70,CHINA,5/24/2020
595,173.22.223.223,PHILIPPINES,8/25/2020
596,89.249.120.147,BELARUS,5/4/2020
597,98.47.255.116,POLAND,9/2/2020
598,84.64.85.48,GREECE,5/18/2020
599,122.194.76.149,CZECH REPUBLIC,7/9/2020
600,23.25.45.84,UNITED STATES,8/10/2020
601,140.60.164.207,CHINA,5/27/2020
602,25.248.95.90,INDONESIA,11/8/2020
603,56.35.112.205,BOSNIA AND HERZEGOVINA,4/21/2020
604,96.209.105.192,GREECE,12/5/2020
605,209.192.57.129,CHINA,2/17/2021
606,179.156.187.53,,1/6/2021
607,172.2.59.51,RUSSIA,10/8/2020
608,199.89.96.228,MEXICO,1/11/2021
609,170.24.75.76,,8/21/2020
610,73.251.26.175,,3/31/2020
611,145.17.199.117,PHILIPPINES,11/16/2020
612,185.71.55.72,SWEDEN,12/21/2020
613,108.197.145.237,INDONESIA,7/20/2020
614,111.189.20.178,VIETNAM,8/28/2020
615,249.130.73.130,RUSSIA,3/12/2021
616,37.149.73.206,,1/4/2021
617,80.11.95.181,RUSSIA,6/7/2020
618,246.56.216.39,ETHIOPIA,2/27/2021
619,175.27.129.120,,11/7/2020
620,24.185.174.39,CHINA,10/20/2020
621,253.165.143.100,,8/22/2020
622,225.202.192.70,,9/23/2020
623,137.83.3.7,,3/7/2021
624,14.225.18.48,ALBANIA,5/13/2020
625,76.138.121.3,INDONESIA,10/21/2020
626,236.80.165.230,THAILAND,12/22/2020
627,77.170.70.107,CHINA,11/5/2020
628,78.86.222.207,COLOMBIA,4/3/2020
629,6.86.235.205,SRI LANKA,7/30/2020
630,253.53.34.122,,4/2/2020
631,10.170.101.189,,2/1/2021
632,162.126.156.78,INDONESIA,11/5/2020
633,130.77.242.51,ARMENIA,6/21/2020
634,212.89.255.151,,8/15/2020
635,53.141.83.127,PHILIPPINES,7/28/2020
636,213.164.84.108,IRAN,1/31/2021
637,219.83.144.154,BRAZIL,7/8/2020
638,141.140.43.193,,11/14/2020
639,34.210.86.241,RUSSIA,12/19/2020
640,216.55.224.151,INDONESIA,6/6/2020
641,252.28.7.17,CHINA,7/28/2020
642,144.172.168.41,CHINA,12/3/2020
643,111.239.30.88,CHINA,9/29/2020
644,108.49.108.180,ARGENTINA,8/25/2020
645,49.234.218.129,CHINA,10/1/2020
646,186.40.235.226,INDONESIA,5/6/2020
647,52.194.202.202,,1/23/2021
648,172.182.183.184,,9/25/2020
649,233.169.51.53,SWEDEN,4/5/2020
650,72.10.176.137,,4/27/2020
651,54.96.163.119,PORTUGAL,1/14/2021
652,15.193.118.12,INDONESIA,6/2/2020
653,189.79.161.31,,11/15/2020
654,238.191.95.101,CHINA,3/26/2020
655,64.139.193.151,POLAND,5/19/2020
656,3.235.11.14,FRANCE,6/7/2020
657,121.188.32.217,ARGENTINA,9/14/2020
658,88.249.38.67,VIETNAM,11/12/2020
659,210.202.101.47,PAKISTAN,9/21/2020
660,181.156.51.167,BRAZIL,10/12/2020
661,208.97.48.246,PHILIPPINES,3/31/2020
662,123.187.240.95,MALTA,6/11/2020
663,250.113.86.10,CHINA,1/19/2021
664,168.190.243.76,BRAZIL,2/20/2021
665,232.38.64.198,RUSSIA,4/11/2020
666,238.76.142.230,PAKISTAN,9/9/2020
667,174.141.29.92,CHINA,9/11/2020
668,59.94.241.214,CHINA,8/28/2020
669,30.107.23.149,PORTUGAL,10/26/2020
670,160.5.240.242,,3/28/2020
671,177.132.88.51,SWEDEN,6/1/2020
672,246.39.145.33,MALAYSIA,7/28/2020
673,106.48.194.22,SWEDEN,2/2/2021
674,105.218.241.221,RUSSIA,3/29/2020
675,145.217.152.156,,3/15/2021
676,208.220.34.171,INDONESIA,2/20/2021
677,204.247.21.72,VIETNAM,7/25/2020
678,48.112.8.131,,1/21/2021
679,10.221.157.10,BRAZIL,1/31/2021
680,200.91.16.156,JAPAN,2/8/2021
681,59.79.172.189,BRAZIL,10/5/2020
682,161.151.18.79,HUNGARY,11/23/2020
683,220.148.95.35,CHINA,5/22/2020
684,104.32.149.176,CHINA,2/26/2021
685,51.96.212.29,JAPAN,11/9/2020
686,65.33.143.79,PHILIPPINES,8/9/2020
687,78.18.108.89,RUSSIA,4/2/2020
688,49.133.214.151,PHILIPPINES,11/11/2020
689,68.104.157.173,PORTUGAL,11/29/2020
690,230.76.212.122,UNITED STATES,9/26/2020
691,21.28.96.31,INDONESIA,8/24/2020
692,198.239.246.136,PHILIPPINES,5/4/2020
693,12.108.235.222,CZECH REPUBLIC,3/21/2021
694,179.160.254.224,COLOMBIA,1/1/2021
695,5.104.144.62,INDONESIA,4/26/2020
696,139.215.181.127,,1/11/2021
697,172.100.245.175,BRAZIL,3/25/2020
698,118.23.186.52,KAZAKHSTAN,3/20/2021
699,126.58.231.250,PARAGUAY,12/3/2020
700,230.66.203.136,SAUDI ARABIA,4/18/2020
701,227.13.121.106,,4/11/2020
702,55.139.173.171,CHINA,10/18/2020
703,252.39.155.155,JAPAN,4/14/2020
704,178.183.119.151,PHILIPPINES,3/30/2020
705,52.24.82.75,FRANCE,1/5/2021
706,238.70.112.169,NIGERIA,5/21/2020
707,191.165.103.88,INDONESIA,11/9/2020
708,29.206.17.29,RUSSIA,6/25/2020
709,7.38.77.192,,2/12/2021
710,89.27.127.129,CHINA,9/16/2020
711,236.249.175.206,CHINA,8/21/2020
712,142.72.179.20,VENEZUELA,4/18/2020
713,10.39.208.10,COLOMBIA,2/2/2021
714,16.82.3.98,COLOMBIA,5/20/2020
715,169.222.220.0,,6/5/2020
716,185.41.183.71,SWEDEN,1/20/2021
717,149.27.125.238,EGYPT,12/6/2020
718,34.185.160.122,PORTUGAL,6/30/2020
719,14.133.57.107,,11/15/2020
720,31.9.29.99,,7/15/2020
721,227.33.142.69,POLAND,12/8/2020
722,23.131.219.165,PALESTINIAN TERRITORY,10/18/2020
723,212.53.22.63,,8/18/2020
724,215.6.209.129,,11/30/2020
725,243.111.170.217,PHILIPPINES,1/22/2021
726,15.80.104.58,INDONESIA,3/5/2021
727,249.244.87.239,UNITED STATES,7/10/2020
728,189.29.36.210,BOSNIA AND HERZEGOVINA,9/8/2020
729,127.65.95.196,INDONESIA,2/22/2021
730,145.107.25.120,CZECH REPUBLIC,2/19/2021
731,212.7.91.2,INDONESIA,6/16/2020
732,235.110.171.240,INDONESIA,9/7/2020
733,172.62.123.250,POLAND,9/1/2020
734,21.49.196.81,PALESTINIAN TERRITORY,8/27/2020
735,118.126.114.161,CHINA,1/30/2021
736,138.249.8.212,CHINA,7/2/2020
737,46.184.74.65,ISRAEL,9/30/2020
738,175.84.53.40,CHINA,5/19/2020
739,28.70.205.223,UNITED STATES,10/6/2020
740,113.208.208.62,,6/11/2020
741,147.5.17.160,RUSSIA,9/19/2020
742,164.70.19.89,ARGENTINA,9/17/2020
743,183.0.180.181,ARGENTINA,9/22/2020
744,36.183.23.127,NORWAY,8/22/2020
745,147.75.238.160,,2/24/2021
746,116.237.30.41,THAILAND,3/11/2021
747,120.24.201.129,CHINA,4/15/2020
748,199.44.51.109,CHINA,7/22/2020
749,18.3.175.99,,3/31/2020
750,206.201.93.43,,5/1/2020
751,92.8.156.88,INDONESIA,1/19/2021
752,34.184.31.225,AUSTRALIA,3/20/2021
753,245.77.23.96,,4/28/2020
754,90.73.57.13,COLOMBIA,6/7/2020
755,82.185.100.104,,12/12/2020
756,44.126.239.184,,2/20/2021
757,102.243.77.26,CANADA,8/3/2020
758,238.255.220.245,PHILIPPINES,1/6/2021
759,92.185.23.197,BRAZIL,4/7/2020
760,72.200.212.38,THAILAND,4/26/2020
761,39.147.149.7,ARGENTINA,11/28/2020
762,227.11.141.226,RUSSIA,11/13/2020
763,113.206.198.15,PHILIPPINES,12/12/2020
764,76.214.9.18,ARMENIA,5/21/2020
765,212.46.240.206,,2/5/2021
766,116.202.132.207,THAILAND,7/28/2020
767,157.227.239.166,CHINA,10/23/2020
768,220.45.97.86,PORTUGAL,7/25/2020
769,31.205.213.228,PHILIPPINES,5/16/2020
770,53.5.43.150,,9/6/2020
771,94.89.82.158,BRAZIL,12/14/2020
772,17.238.127.34,UNITED STATES,10/12/2020
773,88.246.26.31,CZECH REPUBLIC,8/29/2020
774,208.27.83.93,UNITED STATES,5/5/2020
775,236.228.118.197,SOMALIA,3/15/2021
776,196.91.52.23,CHINA,9/15/2020
777,14.229.227.0,CHINA,9/20/2020
778,38.1.77.72,,1/24/2021
779,160.104.176.63,PHILIPPINES,8/28/2020
780,224.29.159.64,NIGERIA,2/4/2021
781,54.39.83.101,,6/5/2020
782,127.164.244.223,CHINA,7/1/2020
783,123.64.161.36,LATVIA,12/31/2020
784,223.80.212.134,CHINA,1/16/2021
785,64.224.62.19,TURKMENISTAN,11/23/2020
786,155.8.149.162,CZECH REPUBLIC,4/21/2020
787,126.1.48.40,INDONESIA,6/19/2020
788,85.231.43.171,,5/26/2020
789,11.90.38.161,INDONESIA,12/1/2020
790,77.21.226.18,INDONESIA,3/10/2021
791,122.84.202.86,,8/22/2020
792,16.128.37.120,INDONESIA,4/27/2020
793,145.213.168.102,CHINA,11/10/2020
794,1.49.148.141,,10/18/2020
795,160.141.240.164,INDONESIA,3/18/2020
796,75.134.177.103,BRAZIL,5/25/2020
797,203.106.193.32,CENTRAL AFRICAN REPUBLIC,5/3/2020
798,226.156.55.60,POLAND,6/24/2020
799,97.215.11.189,UNITED KINGDOM,4/29/2020
800,38.126.252.246,,12/14/2020
801,46.3.227.234,,9/4/2020
802,5.127.27.144,,4/4/2020
803,132.66.47.8,CZECH REPUBLIC,1/19/2021
804,229.86.248.132,RUSSIA,10/8/2020
805,167.73.26.71,,10/15/2020
806,62.253.249.90,INDONESIA,12/24/2020
807,184.187.195.247,PHILIPPINES,8/30/2020
808,39.216.230.116,PORTUGAL,3/11/2021
809,138.38.51.90,CHINA,8/28/2020
810,204.137.123.242,AZERBAIJAN,2/11/2021
811,218.36.34.65,BRAZIL,6/23/2020
812,177.158.212.16,,9/4/2020
813,235.32.35.111,FRANCE,5/18/2020
814,140.95.32.137,CHINA,9/21/2020
815,228.154.187.53,,8/26/2020
816,244.103.18.165,SWEDEN,10/22/2020
817,44.208.152.3,MYANMAR,9/2/2020
818,243.74.204.65,ITALY,3/26/2020
819,245.237.118.182,NORWAY,1/23/2021
820,233.154.29.176,IVORY COAST,10/3/2020
821,236.142.137.210,,10/15/2020
822,37.47.126.36,CHINA,10/1/2020
823,248.25.206.118,PHILIPPINES,10/20/2020
824,172.46.233.215,INDONESIA,1/8/2021
825,104.251.56.21,VENEZUELA,8/12/2020
826,33.23.189.250,,10/3/2020
827,149.36.220.35,MONGOLIA,3/24/2020
828,30.116.108.98,,12/6/2020
829,169.45.146.70,CANADA,10/19/2020
830,146.34.69.25,,1/1/2021
831,101.85.77.176,,10/29/2020
832,71.12.231.92,,3/22/2020
833,79.117.149.173,FRANCE,4/4/2020
834,148.25.16.242,,8/2/2020
835,157.29.114.166,INDONESIA,3/13/2021
836,194.221.91.235,CHINA,10/5/2020
837,157.50.163.161,CHINA,10/13/2020
838,240.74.158.115,MOROCCO,10/21/2020
839,218.187.102.6,MEXICO,10/16/2020
840,208.76.51.205,CHINA,2/5/2021
841,121.241.6.232,,4/21/2020
842,59.146.143.14,,12/23/2020
843,139.97.116.248,CHINA,8/1/2020
844,202.148.101.39,MOROCCO,12/30/2020
845,11.195.118.88,,3/15/2021
846,248.222.186.5,CHINA,8/5/2020
847,53.77.49.41,CHINA,6/5/2020
848,20.114.8.26,CHINA,1/17/2021
849,60.241.42.228,RUSSIA,8/1/2020
850,17.237.101.242,CHINA,12/11/2020
851,130.178.51.64,MEXICO,5/21/2020
852,16.182.3.130,INDONESIA,1/28/2021
853,130.17.228.34,PERU,1/2/2021
854,99.205.92.76,CANADA,5/25/2020
855,133.26.231.111,BRAZIL,1/1/2021
856,177.69.175.39,RUSSIA,1/5/2021
857,228.125.251.170,QATAR,8/28/2020
858,152.16.119.220,POLAND,4/12/2020
859,61.54.246.197,FRENCH POLYNESIA,5/25/2020
860,75.125.73.55,,9/1/2020
861,67.19.228.168,MALI,8/28/2020
862,37.97.116.130,RUSSIA,7/12/2020
863,9.202.146.253,THAILAND,7/28/2020
864,13.226.180.79,THAILAND,12/19/2020
865,203.26.156.128,INDONESIA,10/7/2020
866,215.75.193.136,,7/7/2020
867,67.155.49.51,FRANCE,3/18/2021
868,76.21.46.40,POLAND,4/25/2020
869,154.73.219.78,CUBA,12/25/2020
870,245.81.119.55,JAPAN,3/1/2021
871,198.106.92.138,,2/4/2021
872,199.234.23.111,SWEDEN,5/30/2020
873,113.14.81.43,CANADA,8/20/2020
874,211.24.106.169,CHINA,7/19/2020
875,110.25.83.81,,11/25/2020
876,233.242.96.243,CHINA,6/9/2020
877,212.127.18.54,,7/13/2020
878,203.130.19.221,JAPAN,6/8/2020
879,205.99.7.124,PHILIPPINES,10/16/2020
880,129.91.94.156,CHINA,11/23/2020
881,189.107.194.152,,9/10/2020
882,85.234.112.101,CHINA,4/29/2020
883,252.79.190.137,INDONESIA,8/12/2020
884,111.79.198.178,INDONESIA,3/21/2020
885,55.185.149.83,CHINA,8/3/2020
886,154.136.103.253,,2/21/2021
887,85.66.108.39,POLAND,9/14/2020
888,4.142.225.192,,4/26/2020
889,32.195.201.165,,9/5/2020
890,53.149.40.46,HONDURAS,1/3/2021
891,42.247.135.22,,7/22/2020
892,229.37.104.207,GREECE,3/7/2021
893,79.143.151.163,,11/14/2020
894,222.18.182.44,INDONESIA,6/28/2020
895,78.93.146.77,,2/6/2021
896,255.56.250.50,POLAND,10/6/2020
897,58.88.9.137,RUSSIA,12/21/2020
898,49.16.151.94,SOUTH KOREA,12/31/2020
899,167.181.92.213,,4/5/2020
900,134.138.126.7,POLAND,10/25/2020
901,224.34.167.72,,1/6/2021
902,35.231.48.135,CHINA,1/24/2021
903,193.203.213.129,,7/5/2020
904,134.39.108.238,CHINA,9/9/2020
905,118.10.157.90,NIGERIA,6/12/2020
906,198.44.9.220,BRAZIL,3/6/2021
907,74.43.196.20,NORWAY,3/26/2020
908,123.99.18.230,,6/24/2020
909,0.95.4.45,POLAND,7/11/2020
910,108.208.126.25,JAPAN,4/6/2020
911,94.148.230.14,BOTSWANA,7/6/2020
912,93.219.152.148,,7/6/2020
913,177.102.232.164,RUSSIA,6/12/2020
914,6.50.40.124,,6/2/2020
915,168.116.212.94,ARGENTINA,9/30/2020
916,30.53.5.53,THAILAND,3/17/2021
917,40.203.82.100,SERBIA,8/6/2020
918,221.200.26.24,MOLDOVA,7/29/2020
919,51.216.19.72,GREECE,5/14/2020
920,86.102.135.68,CZECH REPUBLIC,6/21/2020
921,184.154.169.96,PHILIPPINES,12/21/2020
922,19.167.91.62,,9/21/2020
923,183.139.56.211,CHINA,11/12/2020
924,78.44.103.91,,12/2/2020
925,60.43.202.209,TAIWAN,1/12/2021
926,211.201.243.223,ARGENTINA,6/20/2020
927,66.208.44.241,BRAZIL,2/15/2021
928,151.11.66.215,SYRIA,11/6/2020
929,136.28.73.192,,4/7/2020
930,231.165.96.129,POLAND,3/12/2021
931,202.45.126.206,SWEDEN,2/27/2021
932,127.96.66.13,,6/9/2020
933,135.0.13.70,CHINA,7/24/2020
934,144.149.132.181,,12/1/2020
935,62.133.31.218,UNITED STATES,12/9/2020
936,91.244.64.217,,4/26/2020
937,195.211.66.56,THAILAND,6/21/2020
938,89.188.167.161,,12/16/2020
939,10.118.16.116,GEORGIA,5/31/2020
940,180.80.139.157,,5/10/2020
941,126.145.205.114,SWEDEN,9/9/2020
942,254.125.49.12,HONDURAS,10/22/2020
943,123.47.30.238,HONDURAS,4/25/2020
944,27.73.90.27,ALBANIA,10/12/2020
945,221.208.253.106,GREECE,6/18/2020
946,66.167.75.159,BRAZIL,4/21/2020
947,93.182.106.205,CHINA,2/21/2021
948,190.253.105.232,CANADA,4/10/2020
949,191.75.180.42,,10/27/2020
950,57.159.47.135,,3/20/2020
951,118.219.175.77,PHILIPPINES,11/7/2020
952,215.204.131.141,,3/12/2021
953,64.47.193.233,CHINA,12/24/2020
954,169.98.170.30,VANUATU,4/10/2020
955,222.5.32.48,,11/21/2020
956,135.111.141.211,JAPAN,5/5/2020
957,139.54.188.7,RUSSIA,11/18/2020
958,89.189.13.78,VENEZUELA,7/24/2020
959,230.46.240.225,,9/26/2020
960,57.113.39.55,,8/31/2020
961,143.27.3.211,INDONESIA,5/7/2020
962,204.103.172.224,SWEDEN,1/14/2021
963,31.100.178.176,EL SALVADOR,10/24/2020
964,116.76.84.11,RUSSIA,11/28/2020
965,69.217.86.224,INDONESIA,6/7/2020
966,102.184.230.114,PHILIPPINES,10/12/2020
967,108.181.104.181,,6/24/2020
968,243.42.222.88,CHINA,3/24/2020
969,209.126.205.208,BRAZIL,6/30/2020
970,48.147.248.232,PHILIPPINES,1/31/2021
971,203.57.131.18,THAILAND,9/1/2020
972,62.178.96.102,,6/24/2020
973,70.12.97.192,AZERBAIJAN,2/15/2021
974,247.10.76.27,FRANCE,5/24/2020
975,89.119.126.64,CROATIA,10/12/2020
976,12.178.194.4,PERU,7/10/2020
977,1.38.187.127,PORTUGAL,7/20/2020
978,76.238.126.22,,9/6/2020
979,36.138.218.70,BRAZIL,10/4/2020
980,20.249.99.124,INDONESIA,1/3/2021
981,193.19.227.40,,8/31/2020
982,144.75.158.165,FRANCE,12/27/2020
983,17.194.45.247,CHINA,11/3/2020
984,237.142.20.127,SIERRA LEONE,1/28/2021
985,10.95.6.89,SWEDEN,1/30/2021
986,94.79.7.101,,6/23/2020
987,176.84.131.243,DOMINICAN REPUBLIC,9/2/2020
988,210.4.75.48,,12/18/2020
989,51.35.185.96,,7/3/2020
990,180.146.225.21,CHINA,5/28/2020
991,198.88.66.118,,1/30/2021
992,50.56.147.51,FRANCE,8/11/2020
993,244.177.78.176,FRANCE,6/15/2020
994,223.32.179.19,FRANCE,7/23/2020
995,251.191.130.93,VIETNAM,2/8/2021
996,35.82.201.71,RUSSIA,3/3/2021
997,20.20.99.163,,10/31/2020
998,63.111.108.76,INDONESIA,9/4/2020
999,150.215.159.240,,4/21/2020
1000,16.176.79.48,CHINA,4/26/2020
